abanico,1,0,1
abatido,0,1,0
abdalah,0,0,2
abdicar,0,1,0
abdomen,0,1,0
abierta,2,0,5
abierto,0,2,5
abogado,2,0,0
abonare,0,0,1
abrazar,0,1,0
abrazos,1,0,1
abrevia,0,0,1
abriera,0,1,0
abriras,0,0,1
abrirla,0,1,1
abrirlo,0,0,1
abrirse,0,2,1
absorbi,0,0,1
absorto,1,0,0
absurdo,1,2,0
abuelos,1,0,0
abundan,0,0,1
abusado,0,1,0
acababa,4,6,4
acabado,1,1,2
acabais,0,0,1
acabara,1,4,2
acabare,0,1,0
acabase,1,0,1
acarreo,0,0,1
acceder,0,2,0
accesos,0,0,2
aceptan,0,0,1
aceptar,1,0,2
acequia,6,0,0
acerque,0,0,1
acierta,0,1,0
acierto,0,1,0
acogian,0,1,0
acogida,0,0,7
acogido,0,0,1
acolito,1,0,0
acomete,0,1,0
acosado,1,0,0
actitud,1,17,0
actores,0,1,0
acudian,3,2,0
acudire,0,0,1
acuerda,1,2,0
acuerde,0,1,1
acuerdo,0,2,1
acuesta,0,0,1
adentro,5,0,1
adivina,1,0,3
adivino,1,2,0
admirar,0,0,1
admiten,1,0,0
adoptar,0,4,0
adoraba,2,1,0
adorada,0,4,0
adorado,0,1,1
adornar,0,0,1
adornos,1,2,0
aduanas,1,1,0
aduares,0,0,1
adverti,0,0,5
afectos,0,1,0
aficion,1,5,1
afilado,0,0,1
afinado,0,0,2
afirmar,1,1,0
afirmas,0,0,2
afligia,0,0,1
afligio,0,0,2
afluian,1,0,1
afsanah,0,0,1
afueras,8,0,0
agallas,2,0,0
agentes,0,7,0
agitaba,1,2,0
agitada,1,0,0
agitado,0,2,0
agonice,0,1,0
agotado,0,0,2
agradar,0,1,0
agresor,1,0,0
aguante,2,0,0
aguarda,0,1,1
aguarde,0,0,1
aguardo,0,1,2
aguijon,0,1,0
ahogada,1,0,0
ahogado,1,0,1
ahorcar,0,1,1
ahorque,0,2,0
ahorros,2,0,0
ahumada,1,0,0
aislado,0,1,0
ajedrez,0,0,1
ajorcas,0,0,1
ajustar,1,1,0
aknamus,0,0,2
alabada,0,1,0
alabado,0,1,3
aladino,0,0,1
alameda,0,1,0
alarcon,0,0,1
alargue,0,0,1
alarido,1,0,0
alberga,0,1,1
alcalde,7,1,0
alcance,1,1,2
alcanza,0,2,0
alcanzo,0,0,1
alcazar,1,2,0
alcohol,0,1,0
alegaba,0,1,0
alegres,5,3,1
alegria,1,15,22
alejaba,1,0,1
alejado,0,1,2
alejale,0,0,1
alejara,0,1,0
alfanje,0,0,11
alfonso,0,1,0
alfredo,0,0,1
algodon,1,0,0
alguien,9,5,9
algunas,7,23,8
algunos,19,34,11
aliados,0,0,1
alianza,0,2,0
aliento,1,0,1
alimaña,1,0,0
alisate,0,0,1
almacen,0,1,0
almansa,0,2,0
alnadim,0,0,1
alnahar,0,0,1
alneman,0,0,2
alquilo,0,0,1
altares,1,0,0
alteran,0,1,0
altivez,1,1,0
alturas,2,2,0
alvarez,0,14,0
alzaman,0,0,2
alzando,0,0,1
amables,0,2,1
amantes,0,4,1
amargas,0,0,1
amargos,0,0,1
amasado,1,0,0
amenaza,3,2,2
america,1,2,3
amigosy,0,1,0
amigote,1,0,0
amistad,0,2,3
amodijo,0,1,0
amorios,1,0,0
amorosa,0,7,0
amoroso,0,2,1
amplias,0,1,1
amplios,1,0,0
anchura,0,1,1
anciana,0,0,3
anciano,1,1,16
andaban,1,1,0
andamio,2,0,0
andando,1,0,7
andante,1,0,0
andaria,0,1,0
andrajo,0,1,0
angeles,1,0,0
angosta,1,2,0
angosto,1,0,0
angulos,1,0,0
anhelar,0,0,1
anhelos,0,0,1
anillos,0,0,2
animaba,1,2,0
animada,0,1,0
animado,3,0,0
animoso,0,0,2
anonado,1,0,0
anonimo,1,0,1
anormal,0,2,0
anotaba,0,1,0
anotado,0,1,0
ansiaba,3,3,0
ansiada,0,2,0
ansiado,0,1,0
ansiosa,2,0,0
ansioso,0,1,0
antigua,2,8,8
antiguo,3,17,4
antonio,27,68,0
anuncia,0,1,0
anuncie,0,1,1
anuncio,0,3,2
anzuelo,4,1,0
apagada,0,1,0
apagado,0,1,0
apalear,1,0,0
aparece,0,1,2
aparejo,5,0,0
apartar,1,0,1
apearse,0,1,0
apenado,0,0,1
aplacar,0,1,0
aplasta,0,0,1
aplaude,0,0,1
apodado,1,0,0
apodera,0,0,1
apodere,0,0,1
apodero,0,3,3
apostol,0,2,0
apoyaba,0,1,0
apoyada,0,1,0
apoyado,2,0,1
apoyase,0,0,1
aprecia,0,1,1
aprenda,0,0,1
aprendi,0,0,2
aprieta,1,0,0
apuesta,0,0,1
apuesto,0,1,2
apuleyo,0,0,1
apuntar,1,0,0
apurada,0,1,0
apurado,0,1,0
aquella,73,121,38
aquello,21,13,21
arañazo,0,1,0
arboles,8,0,3
arcadas,0,1,1
archivo,0,6,0
arcones,1,0,0
ardilla,0,1,0
argolla,1,0,2
aristas,1,0,0
armadas,1,1,0
armados,0,1,0
armando,1,0,0
armario,0,0,1
armaron,0,0,1
armarte,0,0,1
armazon,0,1,0
armonia,1,1,0
arquero,0,0,1
arraigo,0,1,0
arranca,0,1,0
arranco,1,0,1
arrayan,0,0,1
arreaba,1,0,0
arregla,1,0,0
arreglo,2,2,1
arriado,1,0,0
arribar,0,0,1
arriero,0,1,0
arrobas,2,0,0
arrojan,0,1,0
arrojar,0,3,1
arrojen,0,0,1
arrojes,0,1,0
arroyos,0,0,1
arrugas,0,4,1
arteria,0,1,0
artista,2,4,5
asaltar,1,0,0
asaltos,1,0,3
ascenso,1,2,0
asegura,0,5,1
aseguro,0,2,2
asesina,0,0,1
asesine,0,0,1
asesino,1,1,11
asfixia,1,1,1
asidero,1,0,0
asiduos,1,1,0
asiento,8,10,1
asignar,0,0,1
asintio,0,2,0
asistia,0,1,0
asistio,0,1,0
asistir,1,3,1
asociar,0,0,1
asomaba,2,0,0
asomado,0,1,1
asombra,0,0,1
asombro,7,7,23
aspecto,2,16,8
asperas,1,0,0
aspiran,0,1,0
astucia,0,5,1
astutas,0,1,0
astutos,1,0,0
asuntos,2,13,8
asustar,1,1,1
atacada,0,1,0
atalaya,0,1,0
ataques,0,1,0
atendia,1,0,0
atentar,0,1,0
atentos,1,0,0
atenuar,0,0,1
atesora,0,1,0
atiende,0,0,2
atiendo,0,1,0
atizado,1,0,0
atraian,1,0,0
atraido,1,0,0
atrapar,2,2,0
atreves,0,0,2
atrevia,2,1,0
atrevio,1,4,1
atroces,1,1,0
attache,1,0,0
audaces,2,2,0
audacia,1,4,0
augusta,0,1,0
aullaba,1,0,0
aumenta,0,0,1
aumento,3,1,0
auroras,0,0,1
ausente,0,0,4
ausento,0,0,4
austera,1,0,0
autores,0,1,4
auxilio,3,6,1
avanzar,0,3,0
avanzas,0,1,0
avisaba,1,0,0
avisado,1,2,2
avisara,0,1,0
avisare,0,1,1
avistar,0,0,1
ayudaba,4,0,0
ayudado,0,1,0
ayudase,0,0,1
azafran,0,0,1
azotada,0,0,1
azotado,1,0,0
azulada,1,1,0
azulado,0,2,0
azuzaba,0,1,0
añadido,0,0,1
babucha,0,0,3
baibars,0,0,1
bajaban,1,1,0
bajamos,0,1,0
bajando,0,1,1
bajaron,0,0,4
bajasen,1,0,0
balanza,0,0,1
ballena,0,0,1
bananas,0,0,1
banasta,1,0,4
bandeja,0,0,9
bandera,0,1,0
bandido,0,3,0
baramka,0,0,3
baranda,0,1,0
barbara,0,1,0
barbaro,1,1,1
barbero,0,1,0
barkhia,0,0,1
baronet,0,2,0
barraca,14,0,2
barrido,1,1,2
barriga,0,1,0
barrios,0,2,0
baselga,0,207,0
bassora,0,0,1
bastaba,3,0,1
bastado,0,1,1
bastera,0,1,0
batalla,1,3,2
batirme,0,1,0
batirse,0,2,0
batiste,2,0,0
bautiza,1,0,0
bautizo,1,0,0
bañarse,0,0,1
bañarte,0,0,1
bebidas,4,0,7
bebimos,0,0,4
becerro,0,0,3
beduino,1,0,1
belleza,7,7,9
benamor,0,0,2
benayub,0,0,1
bendiga,0,0,2
bendigo,0,0,1
bendita,0,0,4
bendito,1,1,3
bergson,0,0,1
berlina,0,1,0
besaban,0,0,1
besando,0,0,2
besarla,0,0,1
besarle,1,0,0
besarme,0,0,1
besaron,1,0,2
bestias,3,1,0
biblica,1,1,0
bichero,2,0,0
bigotes,0,3,1
billete,3,0,0
bizarro,1,0,0
blancas,6,1,2
blancos,4,0,4
blondas,1,0,0
bloqueo,0,1,0
bodegas,0,1,0
bofeton,0,1,0
bohemia,1,0,0
bohemio,1,0,0
bolitas,0,1,0
bonitas,0,1,0
bordada,0,0,2
bordado,0,0,2
bordeta,1,0,0
borrado,1,1,0
borrico,0,1,3
bosques,0,1,0
bossuet,0,1,0
bostezo,1,1,0
botalon,1,0,0
botella,4,0,0
boticas,1,0,0
botones,2,1,0
bourges,0,0,1
bourget,0,0,1
brasero,1,6,0
bravura,0,1,0
brebaje,1,0,0
brechas,0,1,0
breslau,0,0,1
brillan,0,1,0
brillar,0,2,1
brincar,0,0,1
briosos,1,0,0
brocado,0,0,3
brochas,0,1,0
brotaba,0,0,2
brotado,0,0,1
bruscos,0,1,0
buchner,0,0,1
bufalos,0,0,1
bufando,1,0,0
burgues,1,0,0
burlaba,2,3,0
burlese,0,1,0
burlona,1,3,0
buscaba,6,4,0
buscara,0,0,1
buscare,0,1,0
buscase,1,0,0
busques,0,0,1
butacas,2,0,0
caballo,2,2,19
cabañal,3,0,0
cabello,0,3,5
cabezas,2,2,3
cabrera,0,1,0
caceria,0,0,2
cadalso,0,2,0
cadaver,3,4,1
cadenas,1,2,1
caderas,1,0,1
caerian,0,1,0
cajones,1,0,0
calados,0,0,1
calafia,0,0,1
calcula,1,0,0
calcule,0,2,0
calcuta,0,0,2
caldera,1,0,0
caldero,2,0,1
caletre,1,0,0
calidad,0,2,5
califas,0,0,2
callaba,1,0,0
callada,0,1,0
callado,1,1,0
callate,0,1,0
calleja,0,1,2
callosa,2,0,0
calmado,0,0,1
calores,0,1,0
camaras,0,1,0
camarin,0,0,1
cambian,0,0,1
cambiar,1,2,1
camello,0,0,1
caminar,0,0,2
caminos,3,0,1
campana,1,1,0
campaña,1,5,0
campeon,0,4,0
canalla,1,7,0
cancion,0,1,2
cansada,2,2,1
cansado,1,1,3
cantaba,2,1,1
cantada,1,0,0
cantaro,0,0,1
capaces,1,2,2
capazos,1,0,0
capital,0,9,6
capitan,12,22,15
capotes,0,1,0
carecen,0,2,0
carecer,0,1,1
carecia,1,0,1
carezco,0,1,0
cargaba,0,0,1
cargada,1,2,1
cargado,2,0,2
cargues,0,0,1
caricia,3,2,0
caridad,2,1,0
caritas,1,0,0
carmesi,0,0,1
carnero,0,0,7
carnoso,1,0,0
carpeta,0,1,0
carrera,3,2,0
carreta,1,0,0
carroza,0,1,0
cartera,0,1,0
carteta,1,0,0
cartone,0,0,1
casacas,0,2,0
casados,2,0,0
casamos,0,0,1
casarme,0,1,0
casaron,1,1,1
casarse,4,2,2
casarte,0,0,1
cascado,0,1,0
casemos,0,0,1
caseron,1,10,0
casitas,2,0,0
castigo,0,3,9
castrar,0,0,1
casucha,2,0,0
catorce,6,0,0
caucaso,0,0,4
causaba,0,13,0
causado,0,3,1
causais,0,1,0
causara,0,1,0
cautela,0,3,0
cautiva,0,0,1
cavaron,0,0,1
caverna,0,1,1
cayendo,3,0,1
cayeran,0,2,0
cayeras,0,1,0
cayeron,1,1,3
cayesen,2,0,1
cayeses,0,0,1
cazando,1,0,0
cazuela,2,0,0
cañares,2,0,0
cañones,3,10,0
cebolla,2,0,0
cegaron,1,0,1
ceguera,2,0,1
celebra,0,0,1
celebre,1,8,1
celebro,0,1,0
celeste,0,1,0
celosia,1,0,0
cenamos,0,0,1
cenizas,0,1,3
centimo,1,0,0
cercado,1,0,0
cercana,0,3,0
cercano,1,2,1
cerebro,4,14,1
cerraba,2,0,0
cerrada,2,5,3
cerrado,3,3,1
cerraja,1,2,0
cerrojo,1,0,0
certero,1,1,0
certeza,0,7,1
cesamos,0,0,1
cesaron,0,0,3
ceñirse,0,0,1
ceñudos,0,1,0
chantre,1,0,0
chanzas,0,0,1
charlar,0,1,0
cheitan,0,0,3
chillar,0,0,1
chismes,0,1,0
chispas,12,0,2
choques,1,0,0
chorros,0,1,0
chupaba,1,0,0
chuscos,0,1,0
ciceron,0,0,1
ciencia,0,1,13
cientos,0,1,0
ciertas,3,10,1
ciertos,2,10,0
cifraba,0,1,0
cigarro,3,0,0
cincelo,0,0,1
cintura,3,2,0
circula,0,0,2
circulo,3,0,3
citando,0,1,0
citarlo,0,1,0
civicas,0,1,0
clasica,0,1,1
claudio,0,91,0
clerigo,0,3,0
cobarde,4,3,1
cobrare,0,0,1
cobriza,1,0,0
cobrizo,1,0,0
cochera,3,0,0
cochero,7,1,0
cocidos,1,0,0
cocinas,0,1,0
codicia,1,0,0
cogeran,1,0,0
cogeras,0,0,1
cogerla,0,0,1
cogerlo,0,0,1
cogidos,2,0,0
cogollo,1,0,0
colchon,0,0,2
colegas,0,1,0
colegio,0,27,0
coleteo,1,0,0
colgaba,0,1,1
colgado,0,0,2
colinas,0,0,2
colirio,0,0,1
colmaba,0,0,1
colmado,0,1,4
colmare,0,0,1
colofon,0,1,0
coloque,0,0,1
coloreo,0,1,0
colores,8,1,13
colosal,1,3,0
columna,0,3,2
comarca,0,0,2
combate,0,5,0
comedia,1,4,0
comedor,0,1,0
comemos,1,0,0
comence,2,0,4
comenzo,7,11,8
comeria,1,0,0
comeros,0,0,1
comerse,1,0,0
cometas,0,1,0
cometer,0,2,2
cometia,0,1,0
cometio,0,0,1
comicos,0,1,0
comidas,0,1,0
comiera,1,0,0
comimos,0,0,4
compare,0,0,1
comprar,0,1,10
compras,3,0,1
comunes,0,1,0
conceda,0,3,0
concede,0,2,0
concedi,0,1,0
concedo,0,0,3
conchas,1,0,0
conciso,0,1,0
condesa,2,28,0
conduce,0,0,3
condujo,0,0,3
confeso,0,1,0
confian,0,1,0
confiar,0,1,0
confies,0,0,1
confusa,1,3,0
confuso,0,3,1
conjuro,0,0,12
conmigo,0,3,30
conocen,3,2,0
conocer,1,12,2
conoces,0,2,1
conocia,4,8,4
conocio,2,2,0
conozca,0,1,1
conozco,3,12,2
consejo,3,5,4
consigo,0,0,2
consola,0,2,0
consume,0,1,0
contaba,2,0,0
contado,0,0,3
contara,0,0,1
contare,0,0,8
contigo,1,1,21
contuvo,1,0,0
convite,1,0,0
copiado,0,0,1
corazas,0,1,1
corazon,8,16,57
cordaje,2,0,0
cordial,0,0,2
cordoba,0,2,0
cordova,0,10,0
cordura,0,1,0
corneja,0,0,1
corneta,1,0,0
cornudo,0,0,1
correas,0,0,1
correos,0,1,1
corrian,4,0,4
corrido,2,0,0
cortada,0,1,1
cortado,0,1,3
cortala,0,0,1
cortale,0,0,2
cortara,0,0,1
cortejo,1,0,0
corteza,1,0,0
cortijo,0,1,0
cortina,0,6,0
coserte,0,0,1
cosidas,0,0,1
costaba,1,0,0
costado,0,2,2
costara,1,0,1
covoyes,0,1,0
creaban,0,1,0
creador,0,1,4
creando,0,1,0
crearon,0,0,1
crearse,0,1,0
crecian,0,1,0
crecido,0,1,0
credito,0,0,1
credulo,0,1,0
creedme,0,1,0
creeran,1,0,0
creeria,0,1,1
creerla,1,1,0
creerlo,2,1,1
creerme,0,1,0
creerse,0,2,0
creiame,0,0,1
creiase,0,1,0
creimos,0,0,1
creyera,0,1,0
criadas,1,0,0
criados,1,6,0
crianza,0,0,1
criarse,0,0,1
cribada,0,0,2
criolla,0,1,0
criollo,0,1,0
cristal,2,1,2
critica,0,0,5
critico,0,0,1
cronica,0,1,0
crucero,2,0,0
crueles,4,4,4
crujian,1,0,0
crujido,1,0,0
cruzaba,1,0,0
cruzado,1,2,0
cuadras,1,0,0
cuadros,0,2,1
cuantas,6,4,5
cuantia,0,0,1
cuantos,11,17,9
cuartel,0,2,0
cuartos,0,1,1
cubrian,1,1,0
cuellos,1,0,1
cuentas,3,3,1
cuentes,0,0,3
cuentos,2,1,27
cuerdas,3,0,1
cuernos,0,0,1
cuerpos,2,5,0
cuervos,1,0,0
cuestan,1,0,0
cuidaba,0,3,0
cuidado,6,3,9
culebra,0,0,4
cultive,0,0,1
cultivo,1,0,0
cultura,0,1,2
cumplan,0,0,1
cumples,0,0,4
cumplia,1,0,0
cumplid,0,2,0
cumplir,2,16,5
curaras,0,0,1
curarla,0,0,2
curarse,0,1,0
curiosa,1,0,0
curioso,0,2,1
curvada,1,0,0
cuñados,0,0,1
damasco,0,0,5
dandole,1,3,1
dandome,1,1,3
dandose,0,2,0
datiles,0,0,3
dañinos,0,1,0
debemos,0,3,5
deberes,1,8,3
deberse,1,0,0
debiera,0,1,0
debiles,2,1,1
decaida,0,1,0
decaido,1,0,0
decente,2,0,0
decidia,1,0,0
decidio,0,6,1
decidir,0,2,0
decidme,0,1,1
decirla,1,0,0
decirle,3,5,2
decirlo,0,1,0
decirme,0,3,1
deciros,0,0,1
decirse,1,1,1
decirte,0,0,2
declare,0,1,1
declaro,1,1,0
decreta,0,0,1
dedicar,0,1,0
dedillo,0,1,0
defecto,0,7,0
defensa,3,12,1
definio,0,1,0
deforme,0,0,1
degollo,0,1,0
dejaban,2,3,0
dejadle,0,0,1
dejadme,1,0,1
dejales,0,0,1
dejamos,0,1,2
dejando,2,11,3
dejaras,0,0,2
dejaria,0,0,1
dejarlo,0,2,0
dejarme,0,2,0
dejaron,1,0,3
dejarse,4,2,0
dejasen,1,0,0
dejaste,0,0,2
dejemos,0,1,2
delante,4,6,17
delaten,0,1,0
deleita,0,0,1
delgada,3,0,0
delicia,0,2,4
delirar,0,1,0
delirio,1,4,0
delitos,0,2,0
demanda,0,1,2
demonio,5,2,0
depende,0,1,2
derecha,0,1,5
derecho,5,8,5
derrama,0,2,0
derrame,0,0,1
derramo,0,0,2
derribe,0,0,1
derribo,1,0,2
derrota,0,1,2
descoco,0,1,0
deseaba,4,7,5
deseada,0,1,0
deseado,0,1,0
deseosa,0,1,0
deseoso,0,2,0
desfile,0,2,1
deshace,1,0,0
designa,0,1,2
desista,0,1,0
deslizo,1,0,0
desmaye,0,0,2
desmayo,2,0,5
desnuda,0,0,11
desnude,0,0,1
desnudo,1,2,8
despedi,1,0,0
despego,0,2,0
despoja,0,1,0
despojo,1,0,2
despues,38,86,219
después,0,0,1
destina,0,1,0
destino,1,2,27
desviar,0,0,2
detalle,0,3,0
detener,1,1,0
detenia,0,1,0
detesto,0,0,3
detiene,1,0,1
devolvi,0,0,1
devorar,1,1,1
devotas,0,3,0
devotos,0,6,0
diablos,1,3,0
diarias,0,1,0
dichosa,0,0,2
dichoso,0,1,1
dickens,0,0,1
dientes,2,2,5
diestra,0,4,0
dificil,1,5,2
difunta,1,1,2
difunto,0,1,0
digamos,0,1,0
dijeran,1,0,0
dijeron,1,0,35
dijesen,1,0,0
dijimos,0,0,4
diluvio,0,3,0
dimitir,1,0,0
dinares,0,0,26
directa,0,1,4
diremos,0,1,0
dirigen,0,1,0
diriges,0,0,1
dirigia,2,6,2
dirigio,1,4,13
dirigir,0,5,2
dirijas,0,0,1
disipar,0,1,0
dispara,0,0,1
dispare,0,0,1
disparo,2,1,0
dispone,0,0,2
dispuse,0,0,3
dispuso,0,0,14
disputa,1,0,0
distrae,0,1,0
diverso,0,1,0
dividir,0,0,1
divinas,0,1,0
divisas,0,0,1
djanhar,0,0,1
djiliad,0,0,1
doblaba,0,2,0
docenas,0,1,0
dolores,2,2,3
domador,1,0,0
dominar,1,3,1
dominen,0,1,0
domingo,3,0,0
dominio,0,1,2
doradas,1,1,0
dorados,0,2,0
dormian,3,1,0
dormida,0,0,2
dormido,3,1,4
dormira,0,1,0
dormire,1,0,0
dudando,0,2,0
duendes,1,0,0
dulzura,1,2,5
duquesa,0,36,0
duraban,1,0,0
durante,5,17,46
duraran,0,0,2
echaban,1,1,0
echamos,0,0,2
echando,4,1,2
echarla,2,0,0
echarle,0,1,1
echaron,0,0,8
echarri,0,5,0
echarse,1,0,2
echarte,0,0,3
edicion,0,1,9
educada,1,0,0
eduquen,0,1,0
efectos,1,1,7
efusion,1,0,1
egoismo,2,1,0
egoista,2,0,0
ejecuto,0,0,1
ejemplo,1,1,6
ejercer,0,3,1
ejercia,1,0,0
elegido,0,0,1
elevada,0,0,2
elevado,0,0,2
elevose,0,1,0
elgenni,0,0,1
elogios,0,2,1
embargo,6,10,9
embates,0,0,1
emocion,4,3,7
empaque,0,2,0
empezad,0,0,1
empiece,0,1,0
empieza,0,1,5
emplear,0,1,0
empleos,0,0,2
empresa,0,6,3
empujon,1,1,0
empuñar,0,1,0
enaguas,1,0,0
enamora,0,1,0
enamoro,0,1,1
encante,0,0,1
encanto,2,1,4
encarga,0,1,1
encargo,1,5,1
encerro,1,1,2
encogia,1,0,0
encubro,0,1,0
enemiga,0,1,0
enemigo,8,9,10
energia,1,5,0
enfasis,1,1,0
enferma,9,1,6
enfermo,5,1,3
engañar,0,1,0
engañas,1,0,0
engaños,0,2,0
enojada,0,1,0
enojosa,0,1,0
enojoso,0,1,0
enormes,6,4,4
enredos,0,1,0
enrique,0,2,0
ensalmo,0,1,0
ensarto,1,0,0
enseñan,0,1,0
enseñar,2,0,0
ensucio,1,0,0
ensueño,1,1,0
entendi,0,0,1
enteran,0,0,1
enteras,3,1,0
enteros,3,0,0
enterre,0,0,2
entraba,4,3,0
entrada,1,8,3
entrado,4,4,7
entraña,0,0,1
entrega,0,1,0
entrego,1,3,9
enumero,0,0,1
enviaba,3,4,0
enviado,0,4,3
enviara,0,0,1
envidia,2,0,3
envieis,0,1,0
envolvi,0,0,1
epilogo,0,0,1
epopeya,0,1,0
equipos,0,0,1
ercilla,0,1,0
erguida,2,1,0
erizaba,1,0,0
erizada,0,1,0
ernesto,0,0,1
erotica,0,0,1
erotico,0,0,2
errante,1,0,0
errores,0,2,0
eructos,1,0,0
esbelta,5,0,1
esbelto,1,0,3
escalon,1,0,0
escamas,2,0,0
escapan,0,1,0
escapar,1,3,1
escasas,0,2,0
escasez,0,1,0
escasos,0,0,1
escenas,1,2,6
esclava,0,3,16
esclavo,1,7,11
escobas,3,0,0
escogen,0,1,0
escoger,2,0,2
escogio,1,1,0
escojas,0,0,1
escondi,0,0,2
escriba,0,1,1
escribe,0,1,1
escribi,0,0,2
escrita,0,1,4
escrito,0,12,18
escucha,0,0,1
escucho,2,2,16
escudos,0,1,0
escuela,0,4,1
escueta,1,0,0
escupen,1,0,0
escupia,1,0,0
escupio,0,0,1
esencia,0,0,1
esferas,0,1,0
espacio,6,4,3
espadas,0,4,0
espalda,5,3,4
espanto,1,4,3
esparto,5,1,0
español,1,9,2
especie,0,4,7
espejos,1,0,0
esperan,0,2,1
esperar,1,5,2
esperas,0,1,0
espesas,0,1,1
espesos,1,0,0
espiado,1,1,0
esposas,0,1,4
esposos,2,0,1
espumas,2,0,0
esquife,1,0,0
esquilo,0,0,1
esquina,2,1,0
esquiva,1,1,0
estaban,16,15,17
establo,1,0,3
estacas,1,0,1
estados,0,1,3
estalle,0,1,0
estallo,1,1,0
estamos,4,4,6
estando,4,2,2
estaran,0,1,1
estaria,2,4,0
estarle,0,1,0
estatua,0,1,2
esteban,1,40,0
estiron,1,0,0
estival,1,0,0
estrado,0,0,1
estribo,3,0,0
estrofa,0,0,2
estudia,0,1,0
estudio,0,1,2
eternas,0,1,1
eunucos,0,1,1
europea,0,0,3
europeo,0,0,1
evacuar,0,0,1
evitaba,0,1,0
evitara,0,1,0
evitare,0,0,1
evocaba,0,1,0
excepto,0,0,1
excesos,0,2,0
excitar,0,1,0
exclame,0,0,4
exclamo,0,5,38
excusas,1,2,0
exigira,0,0,1
exiguas,0,1,0
existen,0,2,2
existia,0,3,1
existir,0,1,0
exotica,0,0,1
exotico,0,0,2
expande,0,0,1
experta,0,1,0
experto,0,1,0
expirar,0,1,0
explica,0,0,3
explico,0,0,4
exponen,1,0,0
exponer,0,3,1
exponia,0,1,0
expreso,0,1,0
expulso,0,1,0
extasis,1,2,1
extendi,0,0,1
extensa,0,1,0
extraia,0,1,0
extrajo,0,0,1
extraña,4,5,3
extrañe,0,1,0
extraño,3,6,2
extremo,4,20,5
fabrica,0,1,0
fabrico,1,0,1
facetas,0,0,1
fachada,0,4,0
faciles,0,1,1
falange,0,1,0
faltaba,3,2,1
faltado,1,0,1
faltare,0,1,0
faltase,2,0,0
familia,29,12,4
famosas,0,0,1
fangosa,1,0,0
faroles,0,0,1
fatigas,1,1,3
favores,0,3,4
fealdad,0,0,1
fecunda,1,0,0
fecundo,0,0,1
federal,0,1,0
felices,6,3,4
femenil,1,7,0
feroces,1,3,0
ferreas,1,1,0
ferreos,0,1,0
fiarnos,0,0,1
fiereza,1,1,0
fiestas,0,1,0
figurar,0,2,0
figuras,0,3,0
fihrist,0,0,1
fijaban,1,0,0
fijando,1,1,0
fijaria,1,0,0
fijarse,2,3,0
fingete,0,0,1
fingira,0,0,1
firmaba,0,1,0
firmeza,2,2,0
firmica,3,0,0
fisicas,0,2,0
fisicos,0,1,0
flancos,2,0,0
flautas,0,0,2
flechas,0,0,5
floreos,0,1,0
florida,3,0,0
flotaba,5,0,0
fogones,0,1,0
fogosas,0,1,0
fogosos,0,1,0
follaje,3,0,0
folleto,0,3,0
fontana,0,2,0
formaba,1,0,1
formada,0,1,0
formado,1,0,1
formose,0,1,0
formula,0,1,1
fornida,1,0,0
forrado,1,0,0
forraje,0,0,2
fortuna,3,16,9
forzosa,0,1,0
fracaso,0,0,1
fragata,1,0,0
frailes,2,6,0
frances,0,4,2
francia,0,19,2
francos,1,1,0
francés,0,0,2
franjas,1,1,0
frascos,0,0,1
fraudes,0,0,1
fregado,1,0,0
frescas,0,1,1
frescor,0,0,2
frescos,0,1,1
friendo,0,0,1
frieran,0,0,1
fruncir,1,0,0
fuentes,0,1,1
fuertes,6,3,2
fuerzas,9,5,7
fueseis,0,0,2
fugarse,1,0,0
fullero,0,1,0
fumando,2,0,0
funcion,0,1,0
funebre,1,1,0
funesta,0,0,1
furiosa,0,2,0
furioso,5,1,0
furores,0,1,0
furtiva,0,1,0
fusilar,1,1,0
fusiles,1,2,0
fustigo,0,0,1
futuros,0,1,0
gabelas,0,1,0
gacelas,0,0,1
gafarro,2,0,0
galanes,1,0,0
galante,0,3,0
galiano,0,1,0
galland,0,0,8
gallina,2,0,0
gallito,1,0,0
galopar,0,0,4
ganados,0,0,2
ganando,0,1,0
ganaria,0,1,0
ganaron,0,1,0
ganarse,3,0,1
ganarte,0,0,1
gangosa,0,3,0
ganosos,0,1,0
gastaba,2,0,0
gastado,0,0,1
gatillo,2,0,0
gatitos,1,0,0
gemelas,0,0,1
gemidos,3,1,0
gemiria,0,0,2
general,0,11,3
generos,0,0,4
gentile,1,0,0
genuina,0,1,0
gigante,3,4,2
girando,1,0,0
gloriam,0,1,0
glorias,0,1,0
goberne,0,0,1
goberno,0,0,1
golpear,0,1,1
gongora,0,0,1
gorrion,1,0,0
goteaba,0,0,1
gozaban,1,1,0
gozando,0,0,1
gozarla,0,0,1
grabada,0,0,1
grabado,0,0,1
gracian,0,0,1
gracias,8,11,30
grafica,0,0,1
granada,0,1,4
granado,0,0,1
grandes,3,32,19
granuja,3,0,0
griegos,0,0,4
grietas,2,0,0
grillos,1,0,0
gritaba,5,0,1
grosera,0,1,0
gruesas,0,1,1
gruesos,2,2,0
grumete,2,0,0
gruñian,1,0,0
gruñido,0,0,1
guardan,0,3,0
guardar,3,2,2
guardas,0,0,1
guarden,0,1,0
guardey,0,1,0
guardia,9,42,0
guerras,0,1,0
guiaban,1,0,0
guiados,0,1,0
guiaron,0,0,1
guiarse,0,1,0
guiarte,0,1,0
guillem,0,0,1
guisado,0,0,1
guisala,0,0,1
guiñaba,1,0,1
gustaba,0,1,0
gustado,0,0,1
gustoso,0,1,1
haberla,0,2,1
haberle,0,0,3
haberlo,0,1,0
haberme,0,2,2
haberos,0,0,1
haberse,0,4,7
haberte,0,0,1
habiale,0,1,0
habiase,1,1,0
habicht,0,0,1
habitan,0,0,1
habitar,0,1,0
habitos,0,3,0
hablaba,13,11,2
hablado,2,5,2
hablais,0,0,1
hablale,0,1,0
hablame,0,1,2
hablara,0,2,1
hablare,0,1,2
hablase,1,0,0
hableis,0,0,2
habrase,0,1,0
habrian,3,0,1
hacedor,0,1,0
hacemos,1,1,0
hacerla,2,2,3
hacerle,2,5,0
hacerlo,1,1,3
hacerme,2,8,0
hacerse,3,6,0
hacerte,0,1,5
haciale,1,0,0
haciame,1,0,1
haciase,0,1,0
hagamos,0,1,1
halagar,0,5,0
halagos,0,1,0
hallaba,1,1,8
harapos,0,0,1
haremos,0,1,0
hartura,1,0,0
hayamos,0,1,0
hazañas,2,4,1
helados,0,1,0
heraldo,1,0,0
herejes,0,2,0
heridas,0,9,0
heridos,1,0,0
heriria,0,1,0
herirla,0,0,1
hermana,0,1,49
hermano,7,44,41
hermant,0,0,1
hermosa,21,29,13
hermoso,2,13,13
heroica,0,0,1
heroico,0,4,1
hervian,1,0,0
hesiodo,0,0,1
hiciera,2,2,0
hiciese,1,2,0
hicimos,0,2,2
hiciste,0,0,2
hierbas,1,2,0
hierros,1,0,2
higuera,2,0,0
hilillo,1,0,0
hinojos,0,0,2
hirsuto,0,1,0
hogares,0,1,0
hoguera,0,2,2
hojeaba,1,0,0
hombres,41,34,28
hombron,1,1,0
hombros,7,4,10
honores,0,6,0
honraba,0,2,0
honrada,1,1,0
honrado,1,5,3
honrosa,0,0,1
honroso,1,1,0
horacio,0,0,1
hoyuelo,0,1,0
hubiera,7,19,5
hubiese,7,1,4
hubimos,0,0,3
huellas,0,2,5
huertos,2,0,1
huesped,1,0,1
huiamos,0,0,1
humanas,0,1,2
humanos,0,1,7
humedad,2,0,0
humedas,0,0,2
humilde,2,11,6
humillo,1,0,0
hundian,1,0,1
hundido,1,0,1
huracan,2,0,0
huraños,0,1,0
hussein,0,0,1
hutared,0,0,2
huyendo,1,3,2
huyeron,0,1,0
ideales,0,1,0
idiomas,0,0,1
idiotez,0,1,0
iglesia,2,9,0
ignacio,0,5,0
ignoras,0,0,3
iguales,3,3,4
ilumina,0,0,1
ilumino,0,0,1
ilusion,1,2,0
ilustre,0,4,3
imbecil,0,5,0
imitaba,0,2,0
imitame,0,1,0
impedia,1,0,1
impedir,0,0,1
imperio,0,5,1
impetus,0,1,0
implora,0,0,1
implore,0,0,2
imploro,0,0,2
imponer,1,0,1
imponia,0,1,0
importa,3,5,0
importe,0,2,6
impudor,0,1,0
impulsa,0,1,0
impulso,2,1,1
incapaz,1,7,0
incline,0,0,1
inclino,3,3,1
inclito,0,2,0
inclusa,1,0,0
incluso,0,1,1
inculto,0,1,0
incurra,1,0,0
indican,0,0,1
indicar,0,2,0
indicas,0,1,0
indicio,0,1,0
indigna,0,2,1
indigno,1,2,1
indique,0,2,1
indulte,0,0,1
indulto,10,0,2
inercia,0,1,0
infames,0,3,1
infante,0,2,0
infecta,2,0,0
infeliz,4,9,0
infimos,0,1,0
influir,0,2,0
informe,0,1,0
ingenio,0,2,1
ingenua,1,1,1
ingenuo,0,1,2
inglesa,1,2,0
ingrata,0,1,0
ingrato,0,2,0
ingreso,0,1,0
inicial,1,0,0
inmensa,2,7,2
inmenso,1,8,1
inmovil,8,5,1
insecto,0,2,0
inspira,0,3,1
instalo,0,0,1
insulto,1,0,0
intacto,0,0,1
intensa,0,2,0
intenso,1,1,0
intenta,0,1,0
intente,1,0,0
intento,2,3,4
interes,1,7,2
interne,0,0,1
interno,0,1,1
intimas,0,1,0
intimos,0,1,0
intruso,0,1,2
invadia,0,2,0
invadir,0,1,0
invasor,0,1,0
invente,0,1,0
invento,1,1,0
invitar,0,0,1
invoque,0,0,3
ironica,1,0,0
jequelo,0,0,1
jesuita,0,59,0
jinetes,0,2,5
jornada,0,3,1
jovenes,1,7,37
jugaban,1,1,1
jugamos,0,1,0
jugando,0,0,1
juguete,2,0,0
jumento,0,0,1
juraban,1,0,1
jurarlo,0,1,0
juraste,0,0,2
juvenil,0,1,2
juzgaba,1,0,0
juzgado,0,0,2
jóvenes,0,0,1
labores,0,1,0
labrada,0,1,0
labrado,0,1,0
lacayos,0,2,0
laderas,0,0,1
lamento,0,0,3
laminas,0,0,2
lampara,2,3,1
lanchas,1,0,0
lanzaba,2,0,1
lanzado,4,0,0
lanzara,1,0,0
lanzose,0,1,0
lascivo,0,1,0
lastima,3,6,6
latente,0,0,1
latigos,0,0,1
latinas,0,0,1
latines,1,0,0
latinos,0,0,1
lavarme,0,0,1
lavaron,0,0,1
lavarse,0,1,1
lavedan,0,0,1
lavisse,0,0,2
leandro,0,2,0
leccion,1,3,5
lección,0,0,2
leconte,0,0,1
lectura,0,2,2
leerlas,0,0,1
leerlos,0,0,1
legajos,0,2,0
legarte,0,0,1
lejanas,1,1,0
lejania,0,0,2
lejanos,2,2,1
lenguas,0,1,3
levanta,0,0,1
levante,0,1,13
levanto,4,12,51
levitas,0,1,0
leyenda,4,1,1
leyendo,0,3,0
leñador,0,0,2
liberal,0,19,0
liberte,0,0,2
liberto,0,0,1
libraba,0,1,0
librado,1,0,3
libralo,0,0,1
librara,0,1,1
librare,0,0,1
librero,0,1,0
licitas,0,0,1
licores,0,0,1
ligeras,0,1,0
ligeros,1,4,0
limites,0,12,2
limones,0,0,1
limosna,1,0,0
limpiar,0,1,0
limpida,0,0,1
liquido,0,0,2
lisonja,0,1,0
listada,1,0,0
literal,0,0,3
lividas,0,1,0
llamaba,6,10,3
llamada,0,0,2
llamado,2,3,10
llamara,0,1,0
llamare,0,0,1
llaneza,0,0,1
llantos,0,0,1
llanura,0,0,2
llegaba,4,9,1
llegada,2,5,6
llegado,5,17,33
llegara,0,2,2
llegase,4,0,1
lleguen,0,1,0
llegues,0,0,4
llenaba,0,1,1
llenado,0,0,2
llevaba,4,12,12
llevado,3,5,0
llevais,0,0,1
llevale,0,0,1
llevalo,0,0,3
llevame,0,0,2
llevara,0,0,2
llevase,1,0,2
llevate,0,0,2
lloraba,6,0,3
llorado,0,0,1
llorona,1,0,0
llueven,0,1,0
lluvias,1,1,0
locuras,0,2,3
lograba,1,2,0
logrado,0,2,1
lograra,0,1,0
lograre,0,2,0
londres,1,1,0
lozanas,0,0,1
lubrico,0,0,1
luchaba,0,2,0
luchala,0,0,1
luchara,1,0,0
luchare,0,1,0
lucirse,0,1,1
lugares,0,3,1
lugubre,3,1,0
lujosos,0,0,1
lujuria,0,2,0
lustral,0,0,2
maarouf,0,0,1
macizas,0,1,0
macizos,2,0,0
maderas,0,0,2
madurez,0,1,0
maestra,0,1,1
maestro,4,10,3
magicas,0,0,5
magicos,0,0,2
maimuna,0,0,1
majorem,0,1,0
maldiga,0,0,2
maldijo,1,0,0
maldita,4,1,2
maldito,8,4,4
maletas,1,0,0
malicia,2,0,3
maligna,0,2,0
maligno,0,0,2
malvada,0,0,1
malvado,0,2,0
mamalik,0,0,4
mameluk,0,0,1
mamerto,0,1,0
mampara,1,2,0
manazas,1,0,0
manceba,0,1,0
mancebo,0,0,9
manchas,1,1,1
mandaba,0,1,1
mandado,0,0,6
mandara,0,0,2
mandare,0,0,2
mandase,1,0,0
mandato,0,1,0
manejar,0,1,0
maneras,0,0,5
maniqui,3,0,0
manojos,1,1,0
manolas,0,1,0
manoteo,1,0,0
mansion,0,3,1
manteca,0,0,6
mantuvo,1,0,0
manzana,0,0,15
mapasla,0,0,1
maquina,2,1,0
marasmo,0,1,0
marcaba,1,2,0
marchar,4,2,5
marchas,0,1,0
marches,0,0,1
marcial,0,7,1
mardrus,0,0,25
marhaba,0,0,2
maridos,1,0,2
marieta,21,0,0
marital,0,1,0
marmita,0,0,3
marques,1,2,0
masauda,0,0,1
mascado,2,0,0
mascara,2,1,0
mascata,0,0,1
massaud,0,0,1
massrur,0,0,4
mataban,2,0,0
matador,1,0,2
matando,3,0,1
mataras,0,0,2
mataria,0,0,2
matarla,0,0,1
matarle,1,0,3
matarlo,0,0,2
matarme,0,0,8
mataron,0,0,2
matarte,0,0,3
matasen,0,0,2
mataste,0,0,1
materia,2,2,0
matinal,1,0,0
mayoral,0,0,15
mayorde,0,0,1
mayores,4,3,6
mayoria,0,0,1
mañanas,2,1,0
mecidas,0,0,2
medicas,0,0,1
medicos,2,1,6
medirse,0,1,0
meditar,0,0,1
medrada,0,1,0
mejilla,1,0,5
mejores,3,1,6
melones,1,0,0
melosos,0,1,0
memoria,5,15,4
mencion,0,0,1
menores,1,1,1
mensaje,0,0,2
mentido,0,1,1
mentira,3,3,1
menudas,1,0,0
menudos,0,4,0
mercado,5,1,1
merecer,0,0,1
mereces,0,0,4
merecia,1,2,0
merezca,0,0,1
merezco,0,1,0
merimee,1,0,0
meritos,1,4,0
mesilla,0,1,0
metales,0,0,1
meterlo,1,0,0
meterme,1,0,0
meterse,5,0,0
metidas,0,1,0
metidos,1,0,0
metiera,1,0,0
metiose,0,1,0
meudijo,1,0,0
mezclar,0,1,0
miadijo,0,1,0
miembro,0,1,0
mienten,0,1,0
mientes,0,1,2
milagro,3,0,0
milicia,0,11,0
militar,0,19,0
minoria,0,1,0
minutos,5,5,1
miodijo,0,3,0
miraban,5,5,0
miradas,7,1,6
miradla,1,0,0
miradle,0,0,1
mirando,4,13,3
mirarla,0,1,0
mirarle,2,0,1
mirarlo,1,1,0
mirarme,0,0,1
miraron,0,0,1
mirarse,2,2,0
mirarte,0,0,2
mirbeau,0,0,1
mirrikh,0,0,2
miseria,5,0,3
mistico,1,0,0
mitades,0,0,4
mocedad,0,1,0
moceton,7,0,0
mocosos,1,0,0
modales,0,1,1
moderna,0,2,0
moderno,0,0,1
modesto,1,0,0
mohamed,0,0,5
molesta,1,0,0
moleste,1,0,0
moliere,0,0,1
mollera,0,2,0
momento,19,27,41
monarca,0,9,1
monedas,0,1,4
montaba,0,0,1
montado,2,0,2
montaña,5,0,21
montera,2,0,0
montijo,0,1,0
moradas,0,2,0
morales,0,1,3
morenas,0,1,1
morenos,0,0,1
morfina,2,0,0
morillo,0,3,0
moriras,0,0,1
moriria,0,0,2
morisco,0,0,1
moscada,0,0,1
mostrar,0,3,0
motines,0,2,0
motivos,0,4,3
mourouf,0,0,1
moverla,0,2,0
moverlo,0,1,0
moverme,0,0,1
moverse,1,2,0
moviose,1,1,0
mudando,1,0,0
mudanza,0,1,0
muebles,4,1,3
muertas,1,1,0
muertes,0,0,2
muertos,1,0,3
muestra,0,8,0
muestre,0,1,0
mujeres,15,10,15
mujeril,0,1,0
mullida,0,1,0
mundano,0,1,0
muralla,0,1,0
muriese,1,0,1
murillo,0,1,0
murmuro,0,4,4
muñecas,1,0,1
máximas,0,0,1
nacidas,0,1,1
nacidos,1,1,0
naciste,0,0,2
nadando,2,0,2
naranja,0,1,0
naranjo,1,0,0
narices,0,1,0
narraba,0,0,1
narrado,0,1,0
narrare,0,0,1
natural,1,3,4
nauseas,0,1,0
navarra,0,2,1
navegar,1,0,1
navidad,1,0,0
nazario,0,1,0
nefasta,0,0,1
negando,0,0,1
negarle,0,1,0
negarse,0,0,1
negarte,0,0,1
negases,0,0,1
negocio,5,1,2
negrazo,0,1,0
negrero,2,0,0
nervios,0,1,0
nervudo,1,0,0
ninguna,1,11,13
ninguno,2,4,4
niñadas,1,0,0
nobleza,0,5,0
nodriza,1,0,1
noghten,0,0,1
nombrar,0,2,0
nombres,3,1,4
nostrum,0,0,2
notaban,0,1,0
notable,0,0,2
notando,1,0,0
notaria,0,1,0
notarlo,0,0,1
notarse,0,0,1
noticia,5,5,5
novedad,0,2,0
novelas,1,2,10
noventa,0,1,2
nuestra,2,51,47
nuestro,8,46,45
numeros,0,1,0
nupcial,1,0,0
nusrani,0,0,2
nutrido,1,0,0
obedece,0,1,2
obispos,1,0,0
objetos,0,1,3
oblicua,1,0,0
obligan,0,1,0
obrador,2,0,0
obrando,0,0,1
obraria,0,1,0
obscuro,0,2,0
observe,0,0,1
observo,0,1,1
obstina,0,1,0
obtener,0,0,1
ocasion,3,10,4
ochenta,1,0,1
ocultar,3,5,2
ocultas,0,0,1
ocultos,0,1,2
ocupaba,2,10,0
ocupado,1,4,2
ocupara,0,0,1
ocupase,1,0,0
ocupeis,0,0,1
ocurren,0,0,1
ocurria,0,3,0
ocurrio,4,5,11
ocurrir,0,1,3
odiando,0,1,0
ofensas,1,0,1
oficial,2,10,1
ofrecer,0,1,1
ofrecia,0,2,2
ofrecio,0,0,4
ofrezco,0,0,2
ojeadas,1,0,0
ojillos,2,1,0
oliendo,1,0,0
oliente,0,1,0
olorosa,0,0,1
olvidan,1,0,0
olvidar,4,1,6
olviden,1,0,0
olvides,0,1,4
ombligo,0,0,1
ondular,0,0,1
onesimo,0,0,1
onésimo,0,0,1
operase,1,0,0
opinaba,0,1,0
opinion,1,2,1
opongan,0,1,0
oprimen,1,0,0
oprimia,0,0,1
opuesta,1,0,1
opuesto,2,0,1
oracion,0,0,2
orbitas,0,1,0
ordenan,1,0,0
ordenes,4,17,4
orfebre,0,0,1
orgullo,1,1,2
oriente,0,0,10
orillas,1,0,4
orladas,1,0,0
orlando,1,0,0
orondos,0,1,0
oscilar,2,0,0
oscuras,2,0,0
oscuros,1,0,0
ostenta,0,2,0
ostente,0,1,0
ovacion,1,0,0
padecer,0,0,2
padecia,0,0,1
padrino,0,1,0
paginas,0,1,4
paisano,0,1,0
pajaros,2,1,3
palabra,5,10,17
palacio,1,52,81
paladea,0,1,0
paladin,1,1,0
palaico,0,1,0
palanca,1,1,0
palidas,1,0,0
palidez,1,1,2
palizas,1,0,0
palmada,1,0,0
palmera,2,0,1
palmira,0,0,1
pandero,0,0,2
panzudo,3,0,0
papeleo,1,0,0
papeles,3,7,0
paquete,0,1,0
paradas,0,1,0
parados,0,1,0
paraiso,4,0,2
paramos,1,0,0
parando,0,1,1
pararon,1,0,0
parcela,1,0,0
parecen,2,1,0
parecer,0,1,1
pareces,1,0,0
parecia,33,29,10
parecio,6,22,2
paredes,5,8,2
paredon,1,0,0
parejas,3,0,0
parezca,0,4,0
parezco,1,0,0
parrafo,0,1,0
parroco,1,0,0
partera,0,1,0
partian,0,2,0
partida,0,5,2
partido,1,5,1
partira,0,0,1
pasaban,8,1,0
pasadas,1,2,1
pasados,2,5,5
pasamos,0,0,3
pasando,2,3,3
pasaria,1,0,0
pasaron,3,4,9
paseaba,2,3,0
pasemos,0,4,0
pasillo,1,0,1
pasmosa,0,1,0
pastosa,0,1,0
patadas,1,2,0
pataleo,2,0,0
patatas,2,0,0
patente,0,1,0
paterno,0,0,1
pañuelo,5,2,0
pecador,0,3,0
pecados,0,5,1
pechera,2,0,0
pedazos,3,3,0
pedimos,0,1,0
pedirle,0,1,1
pegaban,2,0,0
pegadas,0,0,1
pegados,1,0,0
pegando,1,0,0
pegarle,0,0,2
pegarme,0,0,1
pegarse,1,0,0
peinado,0,2,0
peladas,0,0,1
peligra,0,1,0
peligro,6,14,4
pellejo,1,0,1
peloton,0,1,0
pelucas,0,0,1
pemitia,0,2,0
pendian,1,0,1
penetro,0,4,1
penosas,2,0,0
penosos,0,0,1
pensaba,16,6,2
pensado,3,2,0
pension,1,2,0
pequeña,5,5,8
pequeño,7,5,1
perchas,0,1,0
perdian,0,2,0
perdida,2,6,8
perdido,4,6,16
perdona,0,0,2
perdone,0,4,0
perdono,1,2,2
perecer,0,1,5
perecio,0,0,1
perfida,0,0,5
perfido,0,0,2
perfume,8,4,4
perfumo,0,0,1
periodo,0,3,0
permiso,0,3,9
permita,0,4,2
permite,1,1,4
permiti,0,0,1
permito,0,1,3
persico,0,0,2
persona,6,40,11
pesaban,1,0,0
pesadas,1,0,0
pesadez,0,1,0
pesados,1,3,0
pesares,0,2,2
pesaria,0,0,1
pesaron,0,0,1
pescado,4,0,0
pescase,0,0,1
pesebre,0,0,2
pesetas,3,1,13
petalos,2,0,0
peñasco,1,0,0
piadoso,0,1,1
picaros,1,0,0
pidanse,0,0,1
pidiera,2,0,0
piedras,1,0,10
piensan,0,2,0
piensas,2,1,1
pierdan,0,0,1
piernas,13,7,6
pillete,0,1,0
pinches,0,1,0
pingues,0,1,1
pintado,0,1,0
pintose,0,1,0
pintura,1,1,0
piqueta,0,0,3
pisaban,0,1,0
pisadas,0,2,0
pisando,1,0,0
pisoton,0,1,0
pistola,2,0,0
pitillo,1,0,0
planeta,0,0,3
plantas,2,0,4
platica,0,3,0
pliegos,0,3,0
poblada,1,1,0
poblado,0,1,0
pobreza,2,1,1
podamos,0,2,1
podemos,1,2,2
poderio,0,1,3
poderla,0,0,1
poderme,0,0,1
podreis,0,0,1
podrian,1,1,0
podrias,0,0,1
podrida,1,0,0
podrido,0,0,1
poetico,0,1,0
policia,1,5,0
polilla,0,2,0
pollino,0,0,1
polvora,1,2,0
pomadas,0,0,5
pondras,0,0,1
pondria,1,1,1
ponerle,1,0,0
ponerme,0,0,2
ponerse,0,5,1
pongase,0,1,0
popular,0,3,2
poquita,1,0,0
poquito,2,0,0
porfido,0,0,2
portado,1,0,1
portela,1,0,0
portera,0,0,2
portero,0,11,0
portico,0,0,3
portier,0,2,0
poseian,0,0,1
poseida,0,1,0
poseido,0,4,2
posible,3,6,6
postero,0,1,0
postigo,0,2,0
potente,0,1,0
pradera,0,0,4
precian,0,1,0
preciso,1,7,3
pregona,0,0,1
premiar,0,1,0
prendas,0,4,2
prendio,0,0,1
prepara,0,1,1
prepare,0,0,1
preparo,0,1,2
preseas,0,0,1
presion,1,0,0
prestar,0,1,1
primera,12,25,26
primero,6,13,7
prision,0,1,0
privaba,0,0,1
probaba,1,0,0
procede,0,2,0
proceso,1,0,0
procura,0,1,1
procure,0,4,0
procuro,0,1,0
prodigo,1,1,0
produce,0,3,3
produjo,1,4,2
proezas,0,2,0
profesa,0,3,0
profeso,0,1,0
profeta,0,0,11
prohibo,0,1,1
project,0,1,0
projimo,0,1,0
prologo,0,1,2
promesa,1,0,9
prometo,0,0,4
propias,1,2,3
propios,0,8,6
propone,0,2,0
propuso,0,1,0
protege,1,2,0
proteja,0,1,0
proxima,3,7,7
proximo,3,6,1
pruebas,0,11,1
prólogo,0,0,2
ptaslos,0,0,1
publica,1,1,0
publico,8,0,12
puchero,1,0,0
pudiera,3,8,4
pudiese,0,0,5
pudiste,0,0,1
pueblos,4,3,11
puentes,0,0,4
puertas,5,8,15
puestas,0,1,0
puestos,0,3,1
puntual,0,1,0
pupilas,1,2,2
pusiera,1,1,1
pusimos,0,0,2
puñales,0,1,0
público,0,0,2
quecaso,0,1,0
quedaba,13,8,3
quedado,2,2,3
quedara,1,3,1
quedare,0,0,1
quedase,0,0,1
quedate,0,0,1
quedose,0,8,0
quejaba,3,0,0
quejado,1,1,0
quejare,0,0,1
quejido,1,0,0
quellos,0,1,0
quemaba,1,0,0
quemada,1,0,0
quemado,0,1,1
quereis,0,0,2
querian,12,1,1
querias,0,0,1
querida,0,9,0
querido,4,8,13
querras,0,1,0
quevedo,0,0,1
quiebre,0,0,1
quienes,1,11,9
quieran,1,0,0
quieras,2,2,6
quieren,3,5,2
quieres,2,3,15
quietas,0,1,1
quijote,0,0,1
quimera,1,0,0
quinque,0,5,0
quitaba,1,1,0
quitado,1,1,0
rabiaen,0,1,0
rabillo,0,1,0
rabiosa,1,0,0
rabioso,1,0,0
rabosas,3,0,0
radical,0,1,0
ramadan,0,0,1
ramajes,1,0,0
rambaud,0,0,1
rapidas,0,1,0
rapidez,1,8,1
rapidos,1,3,0
rapiñas,0,1,0
rarezas,0,0,1
rascaba,0,1,0
rascose,0,1,0
rasgaba,2,0,0
rasgase,1,0,0
rasguen,0,0,1
rastros,0,1,0
ratones,0,0,1
rayadas,1,0,0
razones,3,1,1
realcen,0,1,0
realeza,0,0,1
realiza,0,1,0
rebelde,1,2,2
recalco,0,1,0
recelos,0,1,0
rechazo,0,0,2
recibia,4,1,0
recibio,3,4,0
recibir,0,9,1
recitar,0,0,2
recitas,0,0,1
recobra,0,0,2
recobre,0,0,2
recobro,2,2,2
recogen,0,1,0
recoger,0,1,1
recogia,1,1,0
recogio,2,2,2
recorde,1,0,1
recordo,0,2,2
recorri,0,0,2
recurso,1,0,2
redonda,2,0,0
redondo,3,0,2
reducia,1,0,0
referir,0,1,0
refiere,0,1,1
refirio,0,0,5
refleja,1,0,0
reflejo,2,2,1
reflujo,0,1,0
reforma,0,1,0
refugio,1,0,0
regaban,0,0,1
regalar,0,0,1
regalos,0,0,2
regando,1,0,0
regañan,0,1,0
regañes,0,0,1
regimen,0,2,0
regnier,0,0,1
regresa,0,0,2
regrese,0,0,6
regreso,2,0,13
regular,0,3,0
rehuyen,1,0,0
reinaba,3,3,0
reinado,0,2,1
reirian,1,0,0
reirnos,0,0,1
reitero,0,0,2
relatar,1,1,0
relatos,0,0,9
release,0,1,0
relieve,1,0,0
relleno,0,0,1
relucir,0,0,1
remango,0,0,3
remedar,0,1,0
remedia,0,1,0
remedio,6,3,17
remojon,1,0,0
remonto,1,0,0
remotas,0,0,1
remotos,0,0,2
remover,0,1,0
removia,1,0,0
renacer,0,3,0
renacia,0,1,0
rendida,0,0,1
rendido,1,3,6
renglon,0,2,1
reniega,0,0,1
reparar,0,3,0
reparas,0,1,0
reparta,0,1,0
reparti,0,0,1
repasar,1,1,0
repente,2,3,1
repetia,0,1,0
repetir,1,2,1
repitio,0,0,4
repleta,2,0,2
repleto,2,1,0
replico,0,0,13
reponer,0,1,0
reposar,1,0,0
resbale,0,0,1
rescate,0,0,2
reserva,1,0,1
reserve,0,0,1
reservo,0,0,1
residia,1,0,0
residio,0,1,0
residuo,0,1,0
resista,0,1,0
resorte,1,0,0
respeta,0,1,0
respeto,4,10,3
respiro,1,0,0
resulta,1,1,0
resulte,0,2,0
resumen,0,4,1
retablo,1,0,0
retando,0,1,0
retorci,0,0,1
retraso,0,1,0
retrato,0,6,0
retumbo,0,0,1
reunian,0,1,0
reunida,1,0,0
reunion,3,2,0
revelan,0,0,1
revelar,0,2,3
revento,0,0,1
revisar,0,0,1
reviste,0,1,1
revivir,0,3,0
revolco,0,0,1
rezando,1,1,0
ribazos,4,0,0
ricardo,0,1,0
riesgos,1,1,0
rigidez,1,0,0
rigores,0,1,0
rimadas,0,0,1
riqueza,2,0,3
risueña,0,0,1
risueño,2,0,0
ritmico,1,0,0
rizadas,1,0,0
riñones,2,0,0
robados,0,1,0
robando,0,1,0
robarle,1,1,0
robarme,0,1,0
robaron,1,0,0
robasen,1,0,0
robusta,1,1,0
robusto,0,2,4
rociala,0,0,1
rocines,2,0,0
rodaban,1,0,0
rodamos,1,0,0
rodando,1,0,0
rodaron,1,0,0
rodeaba,1,1,1
rodeada,1,0,0
rodeado,2,3,2
rodilla,2,1,0
rogaron,0,0,1
rogarte,0,0,1
rojizas,1,0,0
romanos,1,1,2
romeria,0,0,1
rondaba,1,0,0
roperos,0,0,2
rosadas,0,1,0
rosales,1,0,0
rosario,2,5,0
rostros,1,5,1
roveles,2,0,0
royendo,1,0,0
rozaban,0,1,0
rozados,1,0,0
rozando,1,1,0
rubores,0,1,0
rudezas,0,0,1
rugidos,0,3,0
ruidosa,1,0,0
ruidoso,2,1,0
rumboso,0,1,0
rumores,2,0,0
ruptura,0,0,3
rustica,0,2,1
rustico,1,0,0
sabados,2,0,0
sabanas,1,0,0
sabemos,0,1,3
saberla,0,0,1
saberlo,2,0,1
saberse,1,0,0
sacaban,3,0,0
sacadas,0,0,1
sacados,0,1,1
sacando,4,1,2
sacaran,1,0,0
sacarla,0,0,3
sacarle,0,1,0
sacaron,0,2,1
sacarse,0,2,0
sacarte,0,0,2
saciado,0,1,0
sacudio,0,0,2
sacudir,0,1,1
sagrada,0,3,1
sagrado,0,4,2
sainete,0,2,0
salario,0,0,2
saldras,2,0,2
saldria,0,1,0
salidad,0,1,0
salidos,0,2,0
saliera,2,2,1
saliese,1,0,0
salimos,0,0,5
salirle,1,0,0
saliste,0,0,1
salomon,0,0,1
salones,3,7,1
saltaba,5,2,0
saludar,0,2,3
saludos,0,2,3
salvaba,1,0,0
salvado,2,2,6
salvaje,1,3,0
salvara,0,0,1
sandalo,0,0,2
sangrar,0,0,1
saquito,1,0,2
sardina,1,0,0
sarnoso,0,1,0
sastres,0,0,3
satanas,0,1,1
saturno,0,0,1
secarse,2,0,0
seccion,0,2,0
secreta,0,1,2
secreto,1,7,13
sedosas,1,0,0
sedosos,0,0,1
segando,1,0,0
seguian,4,2,1
seguida,4,0,73
seguido,2,2,1
segunda,2,2,21
segundo,1,0,11
seguros,0,0,1
selecta,0,0,1
sellada,0,0,1
semanas,3,0,0
semilla,0,0,1
semitas,0,0,1
sentaba,2,0,0
sentada,0,2,3
sentado,4,2,11
sentaos,0,0,1
sentara,0,1,1
sentare,0,0,1
sentase,0,0,1
sentian,1,1,0
sentido,2,4,5
sentira,1,0,0
sentose,0,3,0
sepamos,0,0,1
separan,0,1,0
separar,0,1,0
septima,0,0,1
sepulte,0,0,1
sequito,0,0,1
serafin,1,0,0
seremos,0,1,0
serenos,1,1,0
servian,1,1,1
servido,0,2,2
servira,0,0,1
servire,0,0,1
sesamos,0,0,1
sesenta,2,1,2
setenta,2,1,2
sevilla,0,4,0
señalar,0,0,2
señales,0,4,1
señoras,5,2,9
señores,6,2,2
señoron,1,0,0
siempre,39,55,24
sientas,0,0,2
sienten,0,1,0
sientes,0,1,0
sigueme,0,0,6
silabas,0,1,0
silbido,2,0,0
sillony,0,1,0
simples,1,3,2
sindbad,0,0,2
sistema,0,2,0
situada,0,0,4
situado,0,1,1
sobrina,0,1,0
sobrino,1,1,2
socorro,1,1,0
sofocar,1,0,0
solares,1,0,0
soldado,1,6,0
soledad,3,1,7
solemne,2,1,0
solidas,0,0,1
solidos,0,0,1
soltaba,1,0,0
soltera,1,0,1
soltero,4,0,1
sombart,0,0,2
sombras,1,4,0
sombria,1,2,0
sombrio,1,1,0
sonaban,5,1,0
sonando,2,0,0
sonaron,2,6,0
sondear,1,1,0
sonetos,0,1,0
sonidos,1,2,1
sonnica,0,0,2
sonoras,0,1,0
sonreia,5,4,1
sonreir,1,4,1
sonrien,0,1,0
sonrisa,15,14,8
sopeton,0,1,0
soplaba,3,0,1
soplado,1,0,0
soplara,0,0,1
sorbete,0,0,1
sordina,0,1,2
sosiego,0,0,1
soslayo,0,1,0
sostuve,0,0,1
sotanas,1,4,0
soñadas,0,0,2
soñando,0,1,1
spanish,0,1,0
spencer,0,0,1
stéfane,0,0,1
subasta,1,0,0
subcopa,0,0,1
sublime,0,3,2
sucedia,1,0,0
sucedio,0,0,1
sucesos,0,10,1
sudario,0,0,3
sueltas,1,1,1
sueltos,0,0,1
suertes,1,0,0
sufrida,1,0,1
sufrido,2,0,3
sujetar,1,0,0
sujetos,0,2,0
suleika,0,0,1
sultana,0,0,1
sultani,0,0,1
sunnita,0,0,1
superar,0,0,1
supiera,0,3,2
supiese,0,0,2
suplica,0,0,2
suplico,0,0,3
supones,0,0,1
supongo,0,1,0
suponia,0,0,1
suprema,0,1,0
supremo,0,1,0
surcada,0,1,0
surcado,0,2,0
surgian,1,1,0
surgido,0,1,0
suspiro,1,1,0
susurro,0,2,0
sutiles,0,0,2
tabaria,0,0,1
taberna,8,2,0
tablado,1,0,0
tactica,0,3,0
taimada,0,0,1
talados,1,0,0
talegos,1,0,0
talento,0,7,3
tallaba,0,1,0
tallada,0,1,0
talones,0,1,0
tamaños,0,2,0
tambien,14,16,55
tampoco,0,10,7
taparon,1,0,0
taparse,1,0,0
tapices,0,0,7
tardaba,0,0,1
tardado,0,0,1
tardara,1,2,0
tartana,8,0,2
tañerlo,0,0,1
teatral,0,1,0
teatros,1,0,0
tejados,1,2,0
tejidas,0,0,1
tejidos,0,0,1
temblar,1,1,1
temerlo,0,0,1
temible,2,1,0
temiera,4,0,0
temores,0,0,4
tenaces,0,1,0
tenazas,0,1,0
tendida,1,1,3
tendido,4,1,5
tendran,0,0,2
tendras,2,0,2
tendria,3,9,1
tenemos,3,7,5
tenerle,0,1,1
tenerme,0,1,0
tengais,0,0,2
tentado,0,2,0
tentase,1,0,0
tercera,2,2,15
tercero,0,0,3
termina,0,1,4
termine,0,2,0
termino,4,3,3
ternero,0,0,14
terraza,0,0,1
terrena,0,0,1
terreno,1,2,0
terruño,1,1,0
tersura,1,0,0
tesoros,0,0,3
testero,0,0,1
testigo,1,1,2
tetrica,1,2,0
tetrico,0,1,0
tiburon,1,0,0
tiemble,0,1,0
tiemblo,0,1,0
tiempos,14,22,3
tiendas,0,0,5
tientas,1,1,0
tiernas,0,1,0
tierras,1,1,1
timidas,1,0,1
timidez,2,0,1
timidos,0,1,0
timonel,1,0,0
tinayre,0,0,1
tintero,0,0,4
tiraban,1,0,0
tirador,1,0,0
tirando,1,1,1
tirania,0,3,1
tiranos,0,1,0
tirante,1,0,0
tirarle,0,1,0
tirarlo,0,1,0
tiraron,2,0,0
tirasen,2,0,0
tiroteo,0,1,0
tizones,0,0,1
tiñendo,1,0,0
tiñeron,1,0,0
toallas,0,0,1
tobillo,1,0,0
tocaban,1,1,1
tocador,1,2,0
tocando,0,2,0
tocante,0,2,0
tocarle,2,0,0
tocasen,1,0,0
todavia,3,12,17
todisea,0,0,1
tolerar,0,1,1
tolstoi,0,0,1
tomaban,1,0,0
tomamos,0,0,1
tomando,2,5,3
tomarlo,1,0,0
tomarme,0,0,1
tomaron,1,0,0
tomarse,0,2,0
tomemos,0,0,1
tonillo,0,3,0
topando,0,1,0
torcida,1,0,0
torcido,0,0,1
tornare,0,0,1
tornose,0,2,0
torpeza,2,0,0
torrero,0,1,0
tortura,0,0,2
tostaba,1,0,0
tozudos,1,0,0
tplauto,0,0,1
trabaja,1,1,1
trabajo,17,6,9
trabuco,1,3,0
traduce,0,0,2
traedle,0,0,1
traedlo,0,0,1
traerla,0,1,0
traerlo,0,0,1
traerte,0,0,1
trafico,0,1,0
tragaba,1,0,0
tragado,2,1,0
tragara,0,1,0
tragico,0,1,0
traidas,1,0,0
traidor,0,3,1
traigan,1,1,2
trajera,0,1,0
trajese,0,0,2
trampas,0,1,0
trances,1,0,0
tranvia,1,0,0
trasera,0,0,1
trasero,0,0,2
trastos,1,0,0
trataba,4,0,0
tratado,1,1,0
tratame,1,0,0
tratara,1,1,0
tratase,0,1,0
trazaba,1,0,0
trechos,0,1,0
treinta,8,2,1
tremula,2,1,0
tremulo,0,0,1
tribuna,0,1,0
trienio,0,1,0
tristes,2,2,3
triunfe,0,1,0
triunfo,2,7,1
trocose,1,1,0
tropezo,2,1,0
trotado,1,0,0
truenos,0,1,0
tuertos,0,0,9
tufillo,0,1,0
tumbate,0,0,1
tupidas,1,0,0
turbado,0,1,1
tuviera,2,2,0
tuviese,0,0,2
tuvimos,1,1,0
tuviste,0,0,5
ultimas,5,7,0
ultimos,5,2,0
unieron,0,1,0
unirnos,1,0,0
untarme,0,0,1
untarte,0,0,1
urgente,1,0,1
ustedes,5,7,0
vacante,0,1,0
vacilar,0,1,0
vagando,1,0,1
vagones,2,0,0
valerio,0,0,1
valerme,0,0,1
valgame,1,0,0
valiosa,0,1,0
valioso,0,1,0
vampiro,0,0,7
vanidad,0,1,1
vapores,2,0,0
varales,1,0,0
varazos,0,0,2
varones,0,0,1
varonil,0,4,0
vayamos,0,2,0
vecinas,8,3,0
vecinos,17,6,2
veiamos,2,0,0
veianse,1,2,1
vejetes,1,0,0
veladas,1,0,0
velador,0,1,0
velaran,0,0,1
velasco,0,0,1
velillo,3,0,2
velloso,1,0,0
veloces,0,1,0
vencida,3,1,1
vencido,1,2,1
vendais,0,0,1
vendere,0,0,2
vendido,0,1,0
vendras,0,0,1
venenos,0,1,0
vengado,1,0,0
vengare,0,0,1
vengues,0,0,1
venidas,1,1,0
venidos,0,0,1
venimos,0,1,0
ventaja,1,1,0
ventana,0,7,1
ventura,0,1,1
veraneo,1,0,0
verdoso,1,0,0
verdugo,4,1,3
veremos,0,3,2
versada,0,0,2
versado,0,1,1
version,0,0,3
vertice,1,0,0
vertigo,0,1,1
vestian,0,1,0
vestida,4,0,4
vestido,2,5,5
veteada,1,0,0
vetusto,0,1,0
viajaba,2,0,0
viajado,0,0,1
viajero,3,0,1
viboras,0,1,0
vicario,0,3,1
vicente,0,3,2
victima,4,9,3
vidrios,0,3,1
vientos,1,1,1
vientre,7,0,2
vierais,0,0,1
viniera,2,1,1
viniste,0,0,4
violeta,1,0,0
viriles,0,0,1
visajes,0,1,0
viscosa,1,0,0
visible,1,3,0
visires,0,0,9
visitar,1,3,5
visitas,1,11,1
vistete,0,0,1
vistoso,0,1,0
vitales,0,0,1
vitoria,0,2,0
viveres,0,0,1
viveros,3,0,0
vividas,0,0,2
viviera,1,0,0
vivimos,0,1,6
viviria,1,0,0
viñetas,0,0,1
volando,1,0,4
volaran,0,0,1
voluble,0,1,0
volumen,0,0,12
volvera,0,3,2
volvere,0,3,3
volvian,1,0,0
vomitar,0,0,1
voraces,1,0,0
vueltas,0,0,4
vuelvan,0,1,0
vuelvas,0,0,4
vuelven,2,0,1
vuelves,0,0,5
vuestra,1,36,15
vuestro,0,4,6
zafiros,0,0,1
zamarra,1,0,0
zangano,0,0,1
zapatos,6,4,0
zobeida,0,0,16
zozobra,1,4,0
zumbaba,1,0,0
últimos,0,0,1
